{
    "res": [
        "640.0x360.0",
        "1280.0x720.0",
        "1920.0x1080.0"
    ],
    "preds/s": [
        2.255165148054755,
        2.2163348081121685,
        2.192208842220748
    ],
    "fps": [
        260,
        120,
        60
    ],
    "time": [
        443.42650508880615,
        451.1953682899475,
        456.16091895103455
    ]
}