{
    "res": [
        "640.0x360.0",
        "640.0x360.0",
        "640.0x360.0",
        "640.0x360.0",
        "640.0x360.0",
        "640.0x360.0",
        "640.0x360.0",
        "640.0x360.0",
        "640.0x360.0",
        "640.0x360.0",
        "640.0x360.0",
        "640.0x360.0",
        "640.0x360.0",
        "640.0x360.0",
        "640.0x360.0",
        "640.0x360.0",
        "640.0x360.0",
        "640.0x360.0"
    ],
    "preds/s": [
        10.39154170983671,
        9.990659862648625,
        10.36250294960337,
        10.411392206324638,
        10.345622338057607,
        10.19080721209029,
        10.325007633034568,
        10.369425159895503,
        10.380742954383406,
        10.331019408543977,
        10.423660262213344,
        10.32978973013053,
        10.35512875634758,
        10.419180395355639,
        9.822091814821231,
        9.222713126421787,
        9.167499273472606,
        10.089645802844377
    ],
    "fps": [
        10,
        30,
        60,
        80,
        100,
        120,
        160,
        180,
        200,
        220,
        240,
        260,
        280,
        300,
        500,
        1000,
        1000,
        10000
    ],
    "time": [
        9.623211145401001,
        10.00934886932373,
        9.65017819404602,
        9.604863405227661,
        9.665924072265625,
        9.81276535987854,
        9.685222864151001,
        9.643736124038696,
        9.633221864700317,
        9.67958688735962,
        9.59355902671814,
        9.680739164352417,
        9.657050371170044,
        9.597683906555176,
        10.181130647659302,
        10.842796325683594,
        10.908100128173828,
        9.911150693893433
    ]
}